train_env,test_env,udr,mean_return,std_return
source,target,False,942.0371209511651,52.99985217588122
source,target,True,791.541173494764,14.681295685862178
